Country,Year,Attack Type,Target Industry,Financial Loss (in Million $),Number of Affected Users,Attack Source,Security Vulnerability Type,Defense Mechanism Used,Incident Resolution Time (in Hours)
Australia,2017,SQL Injection,IT,99.99,672966,Hacker Group,Zero-day,Firewall,13
China,2024,DDoS,Banking,99.99,755185,Unknown,Weak Passwords,Encryption,20
Germany,2016,Phishing,Telecommunications,99.98,761576,Insider,Unpatched Software,Antivirus,9
Germany,2019,Phishing,Healthcare,99.97,950451,Hacker Group,Weak Passwords,AI-based Detection,29
Brazil,2020,Ransomware,Banking,99.9,429566,Nation-state,Zero-day,AI-based Detection,54
USA,2016,Ransomware,Telecommunications,99.88,999508,Unknown,Unpatched Software,VPN,23
Germany,2015,Ransomware,Telecommunications,99.83,419344,Hacker Group,Zero-day,Firewall,59
Japan,2020,DDoS,Education,99.83,10859,Nation-state,Social Engineering,AI-based Detection,66
USA,2020,DDoS,Banking,99.81,948174,Unknown,Social Engineering,AI-based Detection,4
USA,2021,DDoS,Telecommunications,99.81,460842,Unknown,Weak Passwords,AI-based Detection,59
